Tournament_Name,Date,Name,Salary
BAYCURRENT_2026,10/7/26,Xander Schauffele,11000
BAYCURRENT_2026,10/7/26,Wyndham Clark,10600
BAYCURRENT_2026,10/7/26,Collin Morikawa,10400
BAYCURRENT_2026,10/7/26,Hideki Matsuyama,10200
BAYCURRENT_2026,10/7/26,Jacob Bridgeman,9800
BAYCURRENT_2026,10/7/26,Justin Thomas,9600
BAYCURRENT_2026,10/7/26,Min Woo Lee,9400
BAYCURRENT_2026,10/7/26,Ryan Gerard,9300
BAYCURRENT_2026,10/7/26,Doug Ghim,9200
BAYCURRENT_2026,10/7/26,Adam Scott,9100
BAYCURRENT_2026,10/7/26,Michael Thorbjornsen,9000
BAYCURRENT_2026,10/7/26,Sungjae Im,8900
BAYCURRENT_2026,10/7/26,Kurt Kitayama,8800
BAYCURRENT_2026,10/7/26,Maverick McNealy,8700
BAYCURRENT_2026,10/7/26,Michael Brennan,8600
BAYCURRENT_2026,10/7/26,Matt Wallace,8500
BAYCURRENT_2026,10/7/26,Rickie Fowler,8400
BAYCURRENT_2026,10/7/26,Jordan Spieth,8300
BAYCURRENT_2026,10/7/26,Keith Mitchell,8200
BAYCURRENT_2026,10/7/26,Alex Smalley,8100
BAYCURRENT_2026,10/7/26,Keegan Bradley,8000
BAYCURRENT_2026,10/7/26,Kevin Yu,8000
BAYCURRENT_2026,10/7/26,Johnny Keefer,7900
BAYCURRENT_2026,10/7/26,Ben Kohles,7900
BAYCURRENT_2026,10/7/26,Keita Nakajima,7800
BAYCURRENT_2026,10/7/26,Michael Kim,7800
BAYCURRENT_2026,10/7/26,Max Greyserman,7700
BAYCURRENT_2026,10/7/26,Max Homa,7700
BAYCURRENT_2026,10/7/26,Jackson Suber,7600
BAYCURRENT_2026,10/7/26,Ryo Hisatsune,7600
BAYCURRENT_2026,10/7/26,Brian Harman,7500
BAYCURRENT_2026,10/7/26,Jordan L. Smith,7500
BAYCURRENT_2026,10/7/26,Davis Thompson,7400
BAYCURRENT_2026,10/7/26,Zachary Bauchou,7400
BAYCURRENT_2026,10/7/26,Steven Fisk,7300
BAYCURRENT_2026,10/7/26,Christiaan Bezuidenhout,7300
BAYCURRENT_2026,10/7/26,Beau Hossler,7200
BAYCURRENT_2026,10/7/26,Ricky Castillo,7200
BAYCURRENT_2026,10/7/26,Billy Horschel,7100
BAYCURRENT_2026,10/7/26,Kevin Roy,7100
BAYCURRENT_2026,10/7/26,Stephan Jaeger,7000
BAYCURRENT_2026,10/7/26,Sahith Theegala,7000
BAYCURRENT_2026,10/7/26,Takumi Kanaya,6900
BAYCURRENT_2026,10/7/26,Rasmus Neergaard-Petersen,6900
BAYCURRENT_2026,10/7/26,Mac Meissner,6900
BAYCURRENT_2026,10/7/26,Pierceson Coody,6800
BAYCURRENT_2026,10/7/26,Kris Ventura,6800
BAYCURRENT_2026,10/7/26,Nick Taylor,6800
BAYCURRENT_2026,10/7/26,Nicolas Echavarria,6700
BAYCURRENT_2026,10/7/26,Lee Hodges,6700
BAYCURRENT_2026,10/7/26,John Parry,6700
BAYCURRENT_2026,10/7/26,Taylor Pendrith,6600
BAYCURRENT_2026,10/7/26,Matthew McCarty,6600
BAYCURRENT_2026,10/7/26,Taylor Moore,6600
BAYCURRENT_2026,10/7/26,Denny McCarthy,6500
BAYCURRENT_2026,10/7/26,Aldrich Potgieter,6500
BAYCURRENT_2026,10/7/26,Tony Finau,6500
BAYCURRENT_2026,10/7/26,Chandler Phillips,6400
BAYCURRENT_2026,10/7/26,Patrick Rodgers,6400
BAYCURRENT_2026,10/7/26,Tom Hoge,6400
BAYCURRENT_2026,10/7/26,Jinichiro Kozuma,6300
BAYCURRENT_2026,10/7/26,Sang-hee Lee,6300
BAYCURRENT_2026,10/7/26,David Lipsky,6300
BAYCURRENT_2026,10/7/26,Andrew Putnam,6200
BAYCURRENT_2026,10/7/26,Yusaku Hosono,6200
BAYCURRENT_2026,10/7/26,Ren Yonezawa,6200
BAYCURRENT_2026,10/7/26,Hiroshi Iwata,6100
BAYCURRENT_2026,10/7/26,Aguri Iwasaki,6100
BAYCURRENT_2026,10/7/26,Tomohiro Ishizaka,6100
BAYCURRENT_2026,10/7/26,Kosuke Sunagawa,6000
BAYCURRENT_2026,10/7/26,Yoshinori Fujimoto,6000
BAYCURRENT_2026,10/7/26,Koshin Nagasaki,6000
